"Code département","Département","Code circonscription","Circonscription","Numéro de panneau","Libellé abrégé de liste","Libellé de la liste","Code nuance de liste","Nuance de liste","Tête de liste","Ordre","Sexe","Nom sur le bulletin de vote","Prénom sur le bulletin de vote","Nationalité","Code personnalité","CC"
"37","Indre-et-Loire","37001","Abilly",1.0,"ABILLY CONTINUE D'AVANCER, ENSEMBLE !","ABILLY CONTINUE D'AVANCER, ENSEMBLE !","","","OUI",1.0,"M","DUJON","Christophe","Française","","OUI"
"37","Indre-et-Loire","37001","Abilly",2.0,"BIEN VIVRE ENSEMBLE ABILLY","BIEN VIVRE ENSEMBLE A ABILLY","","","OUI",1.0,"M","ROBIN","Brice","Française","","OUI"
"37","Indre-et-Loire","37002","Ambillou",1.0,"UN NOUVEL ELAN POUR AMBILLOU","UN NOUVEL ELAN POUR AMBILLOU","","","OUI",1.0,"M","BETTE","Thierry","Française","","OUI"
"37","Indre-et-Loire","37002","Ambillou",2.0,"Ensemble, construisons l'avenir d'Ambillou !","Ensemble, construisons l'avenir d'Ambillou !","","","OUI",1.0,"M","TEIXEIRA","Garry","Française","","OUI"
"37","Indre-et-Loire","37003","Amboise",1.0,"Amboise, notre ville, notre avenir","Amboise, notre ville, notre avenir","LDVD","Liste divers droite","OUI",1.0,"M","MAINTIER","Maxime","Française","","OUI"
"37","Indre-et-Loire","37003","Amboise",2.0,"Rassemblement pour Amboise !","RASSEMBLEMENT POUR AMBOISE !","LRN","Liste du Rassemblement National","OUI",1.0,"M","POINTLANE","Joffrey","Française","","OUI"
"37","Indre-et-Loire","37003","Amboise",3.0,"Partageons nos forces, construisons l'avenir","Partageons nos forces, construisons l'avenir !","LDVG","Liste divers gauche","OUI",1.0,"M","RAVIER","Brice","Française","","OUI"
"37","Indre-et-Loire","37004","Anché",1.0,"Bien vivre à Anché","Ensemble, bien vivre à Anché","","","OUI",1.0,"M","RENNETAUD","Patrice","Française","",""
"37","Indre-et-Loire","37005","Antogny-le-Tillac",1.0,"Ensemble, oeuvrons pour Antogny le Tillac","Ensemble, oeuvrons pour Antogny le Tillac","","","OUI",1.0,"M","THIVELLIER","Didier","Française","",""
"37","Indre-et-Loire","37006","Artannes-sur-Indre",1.0,"AGIR ENSEMBLE POUR ARTANNES","AGIR ENSEMBLE POUR ARTANNES","","","OUI",1.0,"M","DUFAY","Emmanuel","Française","","OUI"
"37","Indre-et-Loire","37006","Artannes-sur-Indre",2.0,"ARTANNES & VOUS","ARTANNES & VOUS","","","OUI",1.0,"M","POITOU","Bertrand","Française","","OUI"
"37","Indre-et-Loire","37007","Assay",1.0,"Ensemble pour Assay","Ensemble pour Assay","","","OUI",1.0,"M","TERRIEN","Guy","Française","",""
"37","Indre-et-Loire","37008","Athée-sur-Cher",1.0,"UNIS POUR ATHEE !","UNIS POUR ATHEE !","","","OUI",1.0,"F","BETAILLOULOUX","Adeline","Française","","OUI"
"37","Indre-et-Loire","37009","Autrèche",1.0,"AUTRECHE AVENIR","AUTRECHE AVENIR","","","OUI",1.0,"M","LI WOUNG KI","Alban","Française","",""
"37","Indre-et-Loire","37009","Autrèche",2.0,"PROCHE ET SOLIDAIRE","PROCHE ET SOLIDAIRE","","","OUI",1.0,"F","DEFEINGS","Jocelyne","Française","",""
"37","Indre-et-Loire","37010","Auzouer-en-Touraine",1.0,"DYNAMISER, AGIR ET BIEN VIVRE ENSEMBLE","DYNAMISER, AGIR ETBIEN VIVRE ENSEMBLE","","","OUI",1.0,"M","HOUZÉ","Fabien","Française","","OUI"
"37","Indre-et-Loire","37010","Auzouer-en-Touraine",2.0,"équipe engagée, avenir partagé","Une équipe engagée, un avenir partagé","","","OUI",1.0,"M","LANDRY","Eric","Française","","OUI"
"37","Indre-et-Loire","37011","Avoine",1.0,"AVOINE, l'Energie avec vous","AVOINE, l'Energie avec vous","","","OUI",1.0,"M","LALOUETTE","Laurent","Française","","OUI"
"37","Indre-et-Loire","37012","Avon-les-Roches",1.0,"TOUS UNIS POUR AVON LES ROCHES","TOUS UNIS POUR AVON LES ROCHES","","","OUI",1.0,"M","BLANCHARD","Philippe","Française","",""
"37","Indre-et-Loire","37013","Avrillé-les-Ponceaux",1.0,"AVEC VOUS POUR AVRILLE","AVEC VOUS POUR AVRILLE","","","OUI",1.0,"M","BORDEAU","Jean-Jack","Française","",""
"37","Indre-et-Loire","37014","Azay-le-Rideau",1.0,"Assurément Azay-Le-Rideau","Assurément Azay-Le-Rideau","","","OUI",1.0,"F","GAURIER","Sylvia","Française","","OUI"
"37","Indre-et-Loire","37015","Azay-sur-Cher",1.0,"Azay-sur-Cher Ensemble, Partageons l'Avenir","Azay-sur-Cher Ensemble, Partageons l'Avenir","","","OUI",1.0,"F","THEPENIER","Marie-Laure","Française","","OUI"
"37","Indre-et-Loire","37016","Azay-sur-Indre",1.0,"une équipe engagée, une commune qui avance","Une équipe engagée, une commune qui avance","","","OUI",1.0,"M","CLEMENT","Miguel","Française","",""
"37","Indre-et-Loire","37018","Ballan-Miré",1.0,"Lucas JANER - Ballan-Miré ville d'avenir","Lucas JANER - Ballan-Miré ville d'avenir","LDVD","Liste divers droite","OUI",1.0,"M","JANER","Lucas","Française","","OUI"
"37","Indre-et-Loire","37018","Ballan-Miré",2.0,"Unis pour Ballan-Miré","Unis pour Ballan-Miré","LDVG","Liste divers gauche","OUI",1.0,"M","CHAILLOUX","Thierry","Française","","OUI"
"37","Indre-et-Loire","37019","Barrou",1.0,"Expérience et Renouveau pour Barrou","Expérience et Renouveau pour Barrou","","","OUI",1.0,"M","LION","François","Française","",""
"37","Indre-et-Loire","37019","Barrou",2.0,"BOUGEONS BARROU","BOUGEONS POUR BARROU","","","OUI",1.0,"M","HÉRAN","Philippe","Française","",""
"37","Indre-et-Loire","37020","Beaulieu-lès-Loches",1.0,"Beaulieu pour vous","BEAULIEU POUR VOUS","","","OUI",1.0,"M","MÉREAU","Philippe","Française","","OUI"
"37","Indre-et-Loire","37020","Beaulieu-lès-Loches",2.0,"CONTINUONS ENSEMBLE AVEC LES BELLILOCIENS","CONTINUONS ENSEMBLE AVEC LES BELLILOCIENS","","","OUI",1.0,"F","METADIER","Sophie","Française","","OUI"
"37","Indre-et-Loire","37021","Beaumont-Louestault",1.0,"Du renouveau pour Beaumont-Louestault","Du renouveau pour Beaumont-Louestault","","","OUI",1.0,"M","DESJONQUERES","Vincent","Française","","OUI"
"37","Indre-et-Loire","37021","Beaumont-Louestault",2.0,"Ensemble pour Beaumont-Louestault, aujourd'hui et demain","Ensemble pour Beaumont-Louestault, aujourd'hui et demain","","","OUI",1.0,"F","FRAPIER","Sylvie","Française","","OUI"
"37","Indre-et-Loire","37021","Beaumont-Louestault",3.0,"UN NOUVEL ELAN POUR BEAUMONT-LOUESTAULT","UN NOUVEL ELAN POUR BEAUMONT-LOUESTAULT","","","OUI",1.0,"M","GALDEANO","Nicolas","Française","","OUI"
"37","Indre-et-Loire","37022","Beaumont-en-Véron",1.0,"CONTINUONS D'AVANCER POUR BEAUMONT","CONTINUONS D'AVANCER POUR BEAUMONT","","","OUI",1.0,"M","NAULET","Vincent","Française","","OUI"
"37","Indre-et-Loire","37023","Beaumont-Village",1.0,"CULTIVER LE PRÉSENT, SEMER L'AVENIR","CULTIVER LE PRÉSENT, SEMER L'AVENIR","","","OUI",1.0,"F","BEZANNIER","Sandra","Française","",""
"37","Indre-et-Loire","37024","Benais",1.0,"BIEN VIVRE ENSEMBLE A BENAIS","BIEN VIVRE ENSEMBLE A BENAIS","","","OUI",1.0,"F","RIOCREUX","Stéphanie","Française","",""
"37","Indre-et-Loire","37025","Berthenay",1.0,"BERTHENAY, Vivons notre Village !","BERTHENAY, Vivons notre Village !","","","OUI",1.0,"M","BERTRAND","Jacky","Française","",""
"37","Indre-et-Loire","37026","Betz-le-Château",1.0,"Agir ensemble pour tous","AGIR ENSEMBLE POUR TOUS","","","OUI",1.0,"F","MARTIN","Estelle","Française","",""
"37","Indre-et-Loire","37027","Bléré",1.0,"Bléré Agir pour l'avenir","Bléré Agir pour l'avenir","LDVC","Liste divers centre","OUI",1.0,"M","NEBEL","Fabien","Française","","OUI"
"37","Indre-et-Loire","37028","Bossay-sur-Claise",1.0,"ENSEMBLE POUR BOSSAY-SUR-CLAISE","ENSEMBLE POUR BOSSAY-SUR-CLAISE","","","OUI",1.0,"M","GUERIN","Alain","Française","",""
"37","Indre-et-Loire","37029","Bossée",1.0,"ENSEMBLE POUR BOSSEE","ENSEMBLE POUR BOSSEE","","","OUI",1.0,"M","HERVE","Jerome","Française","",""
"37","Indre-et-Loire","37030","Le Boulay",1.0,"Un nouvel élan se dessine ensemble","UN NOUVEL ELAN SE DESSINE ENSEMBLE","","","OUI",1.0,"M","POTTIER","Patrice","Française","",""
"37","Indre-et-Loire","37031","Bourgueil",1.0,"Poursuivre ensemble à Bourgueil","Poursuivre ensemble à Bourgueil","LDVG","Liste divers gauche","OUI",1.0,"M","BARANGER","Benoît","Française","","OUI"
"37","Indre-et-Loire","37032","Bournan",1.0,"BIEN VIVRE BOURNAN","BIEN VIVRE À BOURNAN","","","OUI",1.0,"M","GILLET","Charlie","Française","",""
"37","Indre-et-Loire","37033","Boussay",1.0,"Boussay, riche patrimoine service de tous","Boussay, un riche patrimoine au service de tous !","","","OUI",1.0,"M","DE BECDELIEVRE","Marc","Française","",""
"37","Indre-et-Loire","37034","Braslou",1.0,"Poursuivons ensemble","Poursuivons ensemble","","","OUI",1.0,"F","LECLERC","Claudine","Française","",""
"37","Indre-et-Loire","37035","Braye-sous-Faye",1.0,"AGIR POUR BRAYE","AGIR POUR BRAYE","","","OUI",1.0,"M","POTHIN","Jean-Pierre","Française","",""
"37","Indre-et-Loire","37035","Braye-sous-Faye",2.0,"BRAYE SOUS FAYE : UN NOUVEL ELAN !","BRAYE SOUS FAYE : UN NOUVEL ELAN !","","","OUI",1.0,"F","BERTON","Céline","Française","",""
"37","Indre-et-Loire","37036","Braye-sur-Maulne",1.0,"BRAYE TERRE & LIENS","BRAYE TERRE & LIENS","","","OUI",1.0,"M","GONTHIER","Daniel","Française","",""
"37","Indre-et-Loire","37036","Braye-sur-Maulne",2.0,"Braye au coeur","Braye au coeur","","","OUI",1.0,"F","FERGEAU","Cécile","Française","",""
"37","Indre-et-Loire","37037","Brèches",1.0,"Ensemble pour notre commune","Ensemble pour notre commune","","","OUI",1.0,"F","AGESNE","Nathalie","Française","",""
"37","Indre-et-Loire","37037","Brèches",2.0,"Ensemble, avançons pour Brèches","Ensemble, avançons pour Brèches","","","OUI",1.0,"F","BEAULIEU","Diana","Française","",""
"37","Indre-et-Loire","37038","Bréhémont",1.0,"CONTINUONS ENSEMBLE","CONTINUONS ENSEMBLE","","","OUI",1.0,"F","PLOQUIN THIBAULT","Angélique","Française","",""
"37","Indre-et-Loire","37039","Bridoré",1.0,"UN NOUVEL ÉLAN POUR BRIDORÉ","UN NOUVEL ÉLAN POUR BRIDORÉ","","","OUI",1.0,"F","COUTROT","Murielle","Française","",""
"37","Indre-et-Loire","37039","Bridoré",2.0,"Ensemble, faisons rayonner Bridoré !","Ensemble, faisons rayonner Bridoré !","","","OUI",1.0,"F","MOREL","Pascale","Française","",""
"37","Indre-et-Loire","37040","Brizay",1.0,"Brizay 2026, avec vous et pour vous","Brizay 2026, avec vous et pour vous","","","OUI",1.0,"M","REDUREAU","Jean-Claude","Française","",""
"37","Indre-et-Loire","37041","Bueil-en-Touraine",1.0,"UN NOUVEL ÉLAN POUR BUEIL-EN-TOURAINE","UN NOUVEL ÉLAN POUR BUEIL-EN-TOURAINE","","","OUI",1.0,"M","PLISSON","Yohann","Française","",""
"37","Indre-et-Loire","37041","Bueil-en-Touraine",2.0,"Bueil, notre village","Bueil, notre village","","","OUI",1.0,"M","DESCLOUX","Didier","Française","",""
"37","Indre-et-Loire","37042","Candes-Saint-Martin",1.0,"VIVRE ET AGIR TOUS ENSEMBLE","VIVRE ET AGIR TOUS ENSEMBLE","","","OUI",1.0,"M","PRIVAT","Adrien","Française","",""
"37","Indre-et-Loire","37042","Candes-Saint-Martin",2.0,"NOTRE HISTOIRE NOTRE AVENIR","NOTRE HISTOIRE NOTRE AVENIR","","","OUI",1.0,"M","PINAUD","Stephan","Française","",""
"37","Indre-et-Loire","37043","Cangey",1.0,"AVEC VOUS POUR CANGEY","AVEC VOUS POUR CANGEY","","","OUI",1.0,"M","SIMON","Benoit","Française","","OUI"
"37","Indre-et-Loire","37044","La Celle-Guenand",1.0,"TOUS ENSEMBLE POUR NOTRE VILLAGE","TOUS ENSEMBLE POUR NOTRE VILLAGE","","","OUI",1.0,"M","MORÈVE","Alain","Française","",""
"37","Indre-et-Loire","37045","La Celle-Saint-Avant",1.0,"Le souffle dans la diversité","Le souffle dans la diversité et la continuité","","","OUI",1.0,"M","PEROT","Yannick","Française","","OUI"
"37","Indre-et-Loire","37046","Céré-la-Ronde",1.0,"Bien vivre à Céré la Ronde","BIEN VIVRE A CERE LA RONDE","","","OUI",1.0,"M","RICOU","Christian","Française","",""
"37","Indre-et-Loire","37047","Cerelles",1.0,"AGISSONS UNIS POUR L'AVENIR","AGISSONS UNIS POUR L'AVENIR","","","OUI",1.0,"F","ROLSHAUSEN","Monique","Française","","OUI"
"37","Indre-et-Loire","37047","Cerelles",2.0,"CERELLES LA NOUVELLE DYNAMIQUE","CERELLES LA NOUVELLE DYNAMIQUE","","","OUI",1.0,"M","GARANNE","Cédric","Française","","OUI"
"37","Indre-et-Loire","37048","Chambon",1.0,"CONTINUONS ÉLAN CHAMBON","""CONTINUONS NOTRE ÉLAN POUR CHAMBON""","","","OUI",1.0,"M","MAURICE","Dominique","Française","",""
"37","Indre-et-Loire","37049","Chambourg-sur-Indre",1.0,"CHAMBOURG TERRITOIRE PROJET AVENIR","CHAMBOURG, NOTRE TERRITOIRE, NOTRE PROJET, NOTRE AVENIR","","","OUI",1.0,"M","ANTIGNY","Frederic","Française","","OUI"
"37","Indre-et-Loire","37049","Chambourg-sur-Indre",2.0,"CHAMBOURG, UNIS ET ENGAGÉS ENSEMBLE","CHAMBOURG, UNIS ET ENGAGÉS ENSEMBLE","","","OUI",1.0,"M","BIHOUR","Arnaud","Française","","OUI"
"37","Indre-et-Loire","37050","Chambray-lès-Tours",1.0,"CHAMBRAY EN MOUVEMENT","CHAMBRAY EN MOUVEMENT","LUG","Liste d'union à gauche","OUI",1.0,"F","RIOLET","Murielle","Française","","OUI"
"37","Indre-et-Loire","37050","Chambray-lès-Tours",2.0,"CHAMBRAY AU COEUR","CHAMBRAY AU COEUR","LDVD","Liste divers droite","OUI",1.0,"M","LAMY","Michel","Française","","OUI"
"37","Indre-et-Loire","37050","Chambray-lès-Tours",3.0,"CHAMBRAY, TERRE D'AVENIR","CHAMBRAY, TERRE D'AVENIR","LDVG","Liste divers gauche","OUI",1.0,"F","BERHOUET","Florine","Française","","OUI"
"37","Indre-et-Loire","37051","Champigny-sur-Veude",1.0,"CHAMPIGNY : UNE COMMUNE, UNE EQUIPE, UN AVENIR","CHAMPIGNY : UNE COMMUNE, UNE EQUIPE, UN AVENIR","","","OUI",1.0,"F","GASNIER","Aurélie","Française","",""
"37","Indre-et-Loire","37052","Chançay",1.0,"CHANCAY, Rural et Renouveau","CHANCAY, Rural et Renouveau","","","OUI",1.0,"M","BRUNET","Sébastien","Française","","OUI"
"37","Indre-et-Loire","37053","Chanceaux-près-Loches",1.0,"ENSEMBLE POUR CHANCEAUX PRES LOCHES","ENSEMBLE POUR CHANCEAUX PRES LOCHES","","","OUI",1.0,"M","GILLET","Gilles","Française","",""
"37","Indre-et-Loire","37054","Chanceaux-sur-Choisille",1.0,"LISTE D'UNION POUR DEFENDRE NOTRE COMMUNE ET LA DEMOCRATIE","LISTE D'UNION POUR DEFENDRE NOTRE COMMUNE ET LA DEMOCRATIE","","","OUI",1.0,"M","ETESSE","Patrick","Française","","OUI"
"37","Indre-et-Loire","37054","Chanceaux-sur-Choisille",2.0,"Convergence Citoyenne Cancellienne","Convergence Citoyenne Cancellienne","","","OUI",1.0,"M","DARBON","Frédéric","Française","","OUI"
"37","Indre-et-Loire","37054","Chanceaux-sur-Choisille",3.0,"PARTAGEONS NOTRE AVENIR","PARTAGEONS NOTRE AVENIR","","","OUI",1.0,"M","DAMOUR","Christophe","Française","","OUI"
"37","Indre-et-Loire","37054","Chanceaux-sur-Choisille",4.0,"Le Renouveau Cancellien","Le Renouveau Cancellien","","","OUI",1.0,"M","DELETANG","Patrick","Française","","OUI"
"37","Indre-et-Loire","37055","Channay-sur-Lathan",1.0,"Agir ensemble pour Channay","Agir ensemble pour Channay","","","OUI",1.0,"F","GALLET","Aurélie","Française","",""
"37","Indre-et-Loire","37056","La Chapelle-aux-Naux",1.0,"AVEC VOUS, POUR NOTRE VILLAGE !","AVEC VOUS, POUR NOTRE VILLAGE !","","","OUI",1.0,"M","LEBLANC","Jean-Marie","Française","",""
"37","Indre-et-Loire","37057","La Chapelle-Blanche-Saint-Martin",1.0,"ENSEMBLE AVENIR VILLAGE","ENSEMBLE POUR L'AVENIR DE NOTRE VILLAGE","","","OUI",1.0,"M","LIAUDOIS","Jean-Michel","Française","",""
"37","Indre-et-Loire","37058","La Chapelle-sur-Loire",1.0,"LA CHAPELLE SUR LOIRE TERROIR ET AVENIR","LA CHAPELLE SUR LOIRE TERROIR ET AVENIR","","","OUI",1.0,"M","GUIGNARD","Paul","Française","","OUI"
"37","Indre-et-Loire","37059","Charentilly",1.0,"VIVONS CHARENTILLY ENSEMBLE","VIVONS CHARENTILLY ENSEMBLE","","","OUI",1.0,"F","BOUIN","Valérie","Française","","OUI"
"37","Indre-et-Loire","37060","Chargé",1.0,"Pour Chargé, continuons ensemble","Pour Chargé, continuons ensemble.","","","OUI",1.0,"F","FABRY","Véronique","Française","","OUI"
"37","Indre-et-Loire","37061","Charnizay",1.0,"Ensemble pour Charnizay","Ensemble pour Charnizay","","","OUI",1.0,"M","GERVAIS","Serge","Française","",""
"37","Indre-et-Loire","37061","Charnizay",2.0,"Pour l'Avenir","Pour l'Avenir","","","OUI",1.0,"F","DE SOUSA","Valérie","Française","",""
"37","Indre-et-Loire","37062","Château-la-Vallière",1.0,"Pour Château-la-Vallière, une équipe à votre écoute","Pour Château-la-Vallière, une équipe à votre écoute","","","OUI",1.0,"F","DEPOIX","Patricia","Française","","OUI"
"37","Indre-et-Loire","37062","Château-la-Vallière",2.0,"CHATEAU LA VALLIERE : UN HERITAGE A PRESERVER, UN AVENIR A CONSTRUIRE","CHATEAU LA VALLIERE : UN HERITAGE A PRESERVER, UN AVENIR A CONSTRUIRE","","","OUI",1.0,"M","GAUTHIER","Jean Claude","Française","","OUI"
"37","Indre-et-Loire","37063","Château-Renault",1.0,"ENSEMBLE CONTINUONS À AGIR À CHÂTEAU-RENAULT","ENSEMBLE CONTINUONS À AGIR À CHÂTEAU-RENAULT","LDVD","Liste divers droite","OUI",1.0,"F","DUPUIS","Brigitte","Française","","OUI"
"37","Indre-et-Loire","37063","Château-Renault",2.0,"Votre ville, votre voix, l'avenir c'est vous","Votre ville, votre voix, l'avenir c'est vous","LDIV","Liste Divers","OUI",1.0,"F","VENGEON","Brigitte","Française","","OUI"
"37","Indre-et-Loire","37063","Château-Renault",3.0,"CHATEAU-RENAULT RACINES AVENIR","CHATEAU-RENAULT, NOS RACINES, NOTRE AVENIR","LDIV","Liste Divers","OUI",1.0,"M","GARCIA","Damien","Française","","OUI"
"37","Indre-et-Loire","37064","Chaumussay",1.0,"CHAUMUSSAY : village, équipe, avenir","CHAUMUSSAY : un village,votre équipe,notre avenir","","","OUI",1.0,"M","RICHARD","Benoît","Française","",""
"37","Indre-et-Loire","37065","Chaveignes",1.0,"AGIR POUR CHAVEIGNES - AUJOURD'HUI ET DEMAIN","AGIR POUR CHAVEIGNES - AUJOURD'HUI ET DEMAIN","","","OUI",1.0,"F","DIEU COURRÈGES","Cynthia","Française","",""
"37","Indre-et-Loire","37066","Chédigny",1.0,"CHÉDIGNY, TOUT NATURELLEMENT","CHÉDIGNY, TOUT NATURELLEMENT","","","OUI",1.0,"M","DUGUÉ","Pascal","Française","",""
"37","Indre-et-Loire","37067","Cheillé",1.0,"CONSTRUISONS ENSEMBLE CHEILLÉ","CONSTRUISONS ENSEMBLE CHEILLÉ","","","OUI",1.0,"M","HURTEVENT","Jean-Serge","Française","","OUI"
"37","Indre-et-Loire","37067","Cheillé",2.0,"CHEILLE, DE NOS RACINES A DEMAIN","CHEILLE, DE NOS RACINES A DEMAIN","","","OUI",1.0,"M","BARREAU","Fabien","Française","","OUI"
"37","Indre-et-Loire","37068","Chemillé-sur-Dême",1.0,"AGIR POUR CHEMILLÉ SUR DÊME","AGIR POUR CHEMILLÉ SUR DÊME","","","OUI",1.0,"M","CANON","Eloi","Française","",""
"37","Indre-et-Loire","37069","Chemillé-sur-Indrois",1.0,"EN CHEMIN POUR CHEMILLE","EN CHEMIN POUR CHEMILLE","","","OUI",1.0,"M","ARNOULD","Etienne","Française","",""
"37","Indre-et-Loire","37070","Chenonceaux",1.0,"Chenonceaux, avancer avec respect pour son avenir","Chenonceaux, avancer avec respect pour son avenir","","","OUI",1.0,"M","JULIOT","Nicolas","Française","",""
"37","Indre-et-Loire","37070","Chenonceaux",2.0,"AUTREMENT CHENONCEAUX","AUTREMENT CHENONCEAUX","","","OUI",1.0,"M","AVELINE","Jean-Claude","Française","",""
"37","Indre-et-Loire","37071","Chezelles",1.0,"Ensemble pour chezelles","Ensemble pour chezelles","","","OUI",1.0,"M","PIMBERT","Christian","Française","",""
"37","Indre-et-Loire","37072","Chinon",1.0,"OSONS L'AVENIR A CHINON","OSONS L'AVENIR A CHINON","LDVG","Liste divers gauche","OUI",1.0,"M","FIELD","Jerome","Française","","OUI"
"37","Indre-et-Loire","37072","Chinon",2.0,"CHINON FORCE & PASSION","CHINON FORCE & PASSION","LDVD","Liste divers droite","OUI",1.0,"M","DUPONT","Jean-Luc","Française","","OUI"
"37","Indre-et-Loire","37073","Chisseaux",1.0,"ENSEMBLE POUR CHISSEAUX","ENSEMBLE POUR CHISSEAUX","","","OUI",1.0,"M","LAGARDE","Rémy","Française","",""
"37","Indre-et-Loire","37073","Chisseaux",2.0,"CHISSEAUX VILLAGE D'AVENIR","CHISSEAUX VILLAGE D'AVENIR","","","OUI",1.0,"M","GÉRARD","Fabien","Française","",""
"37","Indre-et-Loire","37074","Chouzé-sur-Loire",1.0,"Engagés avec vous pour notre commune","Engagés avec vous pour notre commune","","","OUI",1.0,"M","MARTINEZ","Patrick","Française","","OUI"
"37","Indre-et-Loire","37074","Chouzé-sur-Loire",2.0,"Ensemble pour notre commune","Ensemble pour notre commune","","","OUI",1.0,"M","THIBAULT","Gilles","Française","","OUI"
"37","Indre-et-Loire","37075","Cigogné",1.0,"VIVRE A CIGOGNÉ","VIVRE A CIGOGNÉ","","","OUI",1.0,"M","DE SMET","Jean-Jacques","Française","",""
"37","Indre-et-Loire","37076","Cinais",1.0,"CINAIS ENSEMBLE","CINAIS ENSEMBLE","","","OUI",1.0,"M","PIQUIER","Michel","Française","",""
"37","Indre-et-Loire","37077","Cinq-Mars-la-Pile",1.0,"ENSEMBLE POUR DEMAIN","ENSEMBLE POUR DEMAIN","LDVG","Liste divers gauche","OUI",1.0,"M","JARRY","Patrick","Française","","OUI"
"37","Indre-et-Loire","37078","Ciran",1.0,"Ciran, une équipe","Ciran, une équipe, une vision, un village","","","OUI",1.0,"F","DRUET","Fabienne","Française","",""
"37","Indre-et-Loire","37078","Ciran",2.0,"Pour vous, avec vous","Pour vous, avec vous","","","OUI",1.0,"M","SIMALLA","Jean Claude","Française","",""
"37","Indre-et-Loire","37079","Civray-de-Touraine",1.0,"DEUX RIVES : AVENIR EN COMMUN","DEUX RIVES : UN AVENIR EN COMMUN","","","OUI",1.0,"F","HERMANGE","Fanny","Française","","OUI"
"37","Indre-et-Loire","37080","Civray-sur-Esves",1.0,"ENSEMBLE POUR NOTRE VILLAGE","ENSEMBLE POUR NOTRE VILLAGE","","","OUI",1.0,"M","NORGUET","Richard","Française","",""
"37","Indre-et-Loire","37080","Civray-sur-Esves",2.0,"un nouvel élan pour Civray","UN NOUVEL ELAN POUR CIVRAY SUR ESVES","","","OUI",1.0,"M","BAULAZ","Stéphane","Française","",""
"37","Indre-et-Loire","37081","Cléré-les-Pins",1.0,"AGIR POUR CLERE LES PINS","AGIR POUR CLERE LES PINS","","","OUI",1.0,"M","GUIET","Patrick","Française","","OUI"
"37","Indre-et-Loire","37081","Cléré-les-Pins",2.0,"UN NOUVEAU CAP POUR CLÉRÉ","UN NOUVEAU CAP POUR CLÉRÉ","","","OUI",1.0,"M","JULIEN","Bruno","Française","","OUI"
"37","Indre-et-Loire","37081","Cléré-les-Pins",3.0,"ENSEMBLE RÉVEILLONS CLÉRÉ","ENSEMBLE RÉVEILLONS CLÉRÉ","","","OUI",1.0,"M","PINARD","Antoine","Française","","OUI"
"37","Indre-et-Loire","37081","Cléré-les-Pins",4.0,"CLERE A COEUR","CLERE A COEUR","","","OUI",1.0,"M","BAROT","Benoît","Française","","OUI"
"37","Indre-et-Loire","37082","Continvoir",1.0,"GRANDIR, S'EPANOUIR A CONTINVOIR","GRANDIR, S'EPANOUIR A CONTINVOIR","","","OUI",1.0,"M","SAGET","Christian","Française","",""
"37","Indre-et-Loire","37083","Cormery",1.0,"CORMERY AU COEUR","CORMERY AU COEUR","","","OUI",1.0,"M","CORNILLON","Maxime","Française","","OUI"
"37","Indre-et-Loire","37083","Cormery",2.0,"AGIR ENSEMBLE POUR CORMERY","AGIR ENSEMBLE POUR CORMERY","","","OUI",1.0,"F","HUCHET","Jacqueline","Française","","OUI"
"37","Indre-et-Loire","37084","Couesmes",1.0,"VEAUVY NICOLAS","VEAUVY NICOLAS","","","OUI",1.0,"M","VEAUVY","Nicolas","Française","",""
"37","Indre-et-Loire","37085","Courçay",1.0,"COURÇAY ENSEMBLE","COURÇAY ENSEMBLE","","","OUI",1.0,"F","BAYON DE NOYER","Anne","Française","",""
"37","Indre-et-Loire","37086","Courcelles-de-Touraine",1.0,"BIEN VIVRE A COURCELLES","BIEN VIVRE A COURCELLES","","","OUI",1.0,"M","ADET","Philippe","Française","",""
"37","Indre-et-Loire","37087","Courcoué",1.0,"OSONS PLUS A COURCOUÉ","OSONS PLUS A COURCOUÉ","","","OUI",1.0,"M","SALLÉ","Nicolas","Française","",""
"37","Indre-et-Loire","37088","Couziers",1.0,"Pour une commune dynamique qui nous ressemble","Pour une commune dynamique qui nous ressemble","","","OUI",1.0,"M","DAVID","Stéphane","Française","",""
"37","Indre-et-Loire","37089","Cravant-les-Côteaux",1.0,"L'avenir s'écrit ensemble","L'avenir s'écrit ensemble","","","OUI",1.0,"M","BAUDRY","Christophe","Française","",""
"37","Indre-et-Loire","37090","Crissay-sur-Manse",1.0,"Crissay pour tous","Crissay pour tous","","","OUI",1.0,"F","BOND","Marilyn","Française","",""
"37","Indre-et-Loire","37090","Crissay-sur-Manse",2.0,"ENSEMBLE POUR CRISSAY","ENSEMBLE POUR CRISSAY","","","OUI",1.0,"M","COINTY","Bertrand","Française","",""
"37","Indre-et-Loire","37091","La Croix-en-Touraine",1.0,"VIVRE PARTAGER CROIX TOURAINE","VIVRE ET PARTAGER A LA-CROIX-EN-TOURAINE","","","OUI",1.0,"M","CHAPLOT","Christophe","Française","","OUI"
"37","Indre-et-Loire","37092","Crotelles",1.0,"FAISONS DE CROTELLES NOTRE PROJET COMMUN","FAISONS DE CROTELLES NOTRE PROJET COMMUN","","","OUI",1.0,"M","BAHÉ","Valentin","Française","",""
"37","Indre-et-Loire","37093","Crouzilles",1.0,"NOTRE ENGAGEMENT POUR CROUZILLES","NOTRE ENGAGEMENT POUR CROUZILLES","","","OUI",1.0,"M","BRISSEAU","Daniel","Française","",""
"37","Indre-et-Loire","37094","Cussay",1.0,"Ensemble pour Cussay","Ensemble pour Cussay","","","OUI",1.0,"M","ROCHER","Alain","Française","",""
"37","Indre-et-Loire","37095","Dame-Marie-les-Bois",1.0,"DONNAMARIENS","LES DONNAMARIENS","","","OUI",1.0,"F","PETAY","Jocelyne","Française","",""
"37","Indre-et-Loire","37096","Dierre",1.0,"DIERRE EN AVANT","DIERRE EN AVANT","","","OUI",1.0,"M","BUTET","Frank","Française","",""
"37","Indre-et-Loire","37097","Dolus-le-Sec",1.0,"avec vous pour Dolus","AVEC VOUS POUR DOLUS","","","OUI",1.0,"M","LABBÉ","Michel","Française","",""
"37","Indre-et-Loire","37097","Dolus-le-Sec",2.0,"NOUVEL ELAN A DOLUS LE SEC","NOUVEL ELAN A DOLUS LE SEC","","","OUI",1.0,"F","COURLIVANT","Annie","Française","",""
"37","Indre-et-Loire","37098","Draché",1.0,"AGIR ENSEMBLE POUR DRACHÉ","AGIR ENSEMBLE POUR DRACHÉ","","","OUI",1.0,"M","COUQUILLOU","Loïc","Française","",""
"37","Indre-et-Loire","37099","Druye",1.0,"Agissons ensemble pour Druye","Agissons ensemble pour Druye","","","OUI",1.0,"M","DEBLAISE","Noël","Française","","OUI"
"37","Indre-et-Loire","37100","Epeigné-les-Bois",1.0,"Épeigné les Bois, notre village, notre avenir","Épeigné les Bois, notre village, notre avenir","","","OUI",1.0,"M","SOMMÉRIA","Fabrice","Française","",""
"37","Indre-et-Loire","37100","Epeigné-les-Bois",2.0,"VOTRE VIE NOTRE VILLAGE","VOTRE VIE, NOTRE VILLAGE","","","OUI",1.0,"M","RISHMAWI","Odeh","Française","",""
"37","Indre-et-Loire","37101","Epeigné-sur-Dême",1.0,"Ensemble pour Epeigné","Ensemble pour Epeigné","","","OUI",1.0,"M","GOUÉ","Stéphane","Française","",""
"37","Indre-et-Loire","37103","Esves-le-Moutier",1.0,"ENSEMBLE POUR ESVES LE MOUTIER","ENSEMBLE POUR ESVES LE MOUTIER","","","OUI",1.0,"M","SANCHEZ","Sébastien","Française","",""
"37","Indre-et-Loire","37104","Esvres",1.0,"E.S.V.R.E.S 2026 Responsable et Solidaire","E.S.V.R.E.S 2026 Responsable et Solidaire","LDVD","Liste divers droite","OUI",1.0,"M","GASSOT","Jean-Christophe","Française","","OUI"
"37","Indre-et-Loire","37104","Esvres",2.0,"Esvres Autrement","Esvres Autrement","LDIV","Liste Divers","OUI",1.0,"M","DENISE","Marc","Française","","OUI"
"37","Indre-et-Loire","37105","Faye-la-Vineuse",1.0,"unissons-nous pour Faye-la-Vineuse","unissons-nous pour Faye-la-Vineuse","","","OUI",1.0,"F","SAUVAIGO","Sophie-Anne","Française","",""
"37","Indre-et-Loire","37105","Faye-la-Vineuse",2.0,"Un nouveau souffle pour Faye","UN NOUVEAU SOUFFLE POUR FAYE","","","OUI",1.0,"F","GERRAND","Nathalie","Française","",""
"37","Indre-et-Loire","37106","La Ferrière",1.0,"UNIS POUR LA FERRIÈRE","UNIS POUR LA FERRIÈRE","","","OUI",1.0,"M","LEPRINCE","Marc","Française","",""
"37","Indre-et-Loire","37107","Ferrière-Larçon",1.0,"VIVRE ENSEMBLE À FERRIÈRE-LARÇON","VIVRE ENSEMBLE À FERRIÈRE-LARÇON","","","OUI",1.0,"M","HÉNAULT","Gérard","Française","",""
"37","Indre-et-Loire","37108","Ferrière-sur-Beaulieu",1.0,"TOUS ENSEMBLE A FERRIERE-SUR-BEAULIEU","TOUS ENSEMBLE POUR BIEN VIVRE A FERRIERE- SUR- BEAULIEU","","","OUI",1.0,"M","DE ROFFIGNAC","Antoine","Française","",""
"37","Indre-et-Loire","37109","Fondettes",1.0,"Ensemble, inventons demain!","Ensemble, inventons demain!","LDVD","Liste divers droite","OUI",1.0,"M","DE OLIVEIRA","Cédric","Française","","OUI"
"37","Indre-et-Loire","37109","Fondettes",2.0,"Fondettes Rassemblement Citoyen Ecologique et Social","Fondettes Rassemblement Citoyen Ecologique et Social","LDVG","Liste divers gauche","OUI",1.0,"M","LAURET","Benoit","Française","","OUI"
"37","Indre-et-Loire","37110","Francueil",1.0,"AGIR POUR FRANCUEIL","AGIR POUR FRANCUEIL","","","OUI",1.0,"F","SORDON","Lydie","Française","","OUI"
"37","Indre-et-Loire","37111","Genillé",1.0,"GENILLE PASSIONNEMENT","GENILLE PASSIONNEMENT","","","OUI",1.0,"F","MERLET-BRAVO","Catherine","Française","","OUI"
"37","Indre-et-Loire","37111","Genillé",2.0,"Unis pour Genillé","Unis pour Genillé","","","OUI",1.0,"M","HERLORY","Christophe","Française","","OUI"
"37","Indre-et-Loire","37112","Gizeux",1.0,"Liste conduite par M. BEAUPIED Thierry","Liste conduite par M. BEAUPIED Thierry","","","OUI",1.0,"F","BINET","Angélique","Française","",""
"37","Indre-et-Loire","37113","Le Grand-Pressigny",1.0,"NOUVEL ELAN PRESSIGNOIS","UN NOUVEL ELAN PRESSIGNOIS","","","OUI",1.0,"F","GOUGEON-LANDRY","Monique","Française","",""
"37","Indre-et-Loire","37113","Le Grand-Pressigny",2.0,"UN PASSÉ COMMUN, UN AVENIR ENSEMBLE","UN PASSÉ COMMUN, UN AVENIR ENSEMBLE","","","OUI",1.0,"M","LE ROUX","Christophe","Française","",""
"37","Indre-et-Loire","37114","La Guerche",1.0,"POUR LA GUERCHE VIVRE ET AGIR ENSEMBLE","POUR LA GUERCHE VIVRE ET AGIR ENSEMBLE","","","OUI",1.0,"M","HIDALGO","Franck","Française","",""
"37","Indre-et-Loire","37115","Descartes",1.0,"Ré-unis pour Descartes","Ré-unis pour Descartes","","","OUI",1.0,"M","MEREAU","Bruno","Française","","OUI"
"37","Indre-et-Loire","37116","Les Hermites",1.0,"les Hermites,  pour une dynamique locale","Les Hermites, pour un engagement et une dynamique locale","","","OUI",1.0,"M","DROUET","Alain","Française","",""
"37","Indre-et-Loire","37117","Hommes",1.0,"HOMMES NOTRE VILLAGE NOTRE AVENIR","HOMMES NOTRE VILLAGE NOTRE AVENIR","","","OUI",1.0,"F","VIGNÉ","Agnès","Française","",""
"37","Indre-et-Loire","37118","Huismes",1.0,"ENSEMBLE POUR L'AVENIR DE HUISMES","ENSEMBLE POUR L'AVENIR DE HUISMES","","","OUI",1.0,"M","MOUTARDIER","Denis","Française","","OUI"
"37","Indre-et-Loire","37119","L'Ile-Bouchard",1.0,"CONTINUONS ENSEMBLE","CONTINUONS ENSEMBLE POUR L'ILE-BOUCHARD","","","OUI",1.0,"F","VIGNEAU","Nathalie","Française","","OUI"
"37","Indre-et-Loire","37121","Jaulnay",1.0,"JAULNAY ENSEMBLE ET SOLIDAIRE","JAULNAY ENSEMBLE ET SOLIDAIRE","","","OUI",1.0,"F","PLOQUIN DESROCHE","Sandrine","Française","",""
"37","Indre-et-Loire","37122","Joué-lès-Tours",1.0,"REUSSIR A JOUE","REUSSIR A JOUE","LDVG","Liste divers gauche","OUI",1.0,"M","VILAUD","Romain","Française","","OUI"
"37","Indre-et-Loire","37122","Joué-lès-Tours",2.0,"MON PARTI C'EST JOUÉ # AUGIS 2026","MON PARTI C'EST JOUÉ # AUGIS 2026","LDVD","Liste divers droite","OUI",1.0,"M","AUGIS","Frederic","Française","","OUI"
"37","Indre-et-Loire","37122","Joué-lès-Tours",3.0,"Lutte Ouvrière - Le camp des travailleurs","Lutte Ouvrière - Le camp des travailleurs","LEXG","Liste d'extrême-gauche","OUI",1.0,"M","GARDEAU","Kévin","Française","","OUI"
"37","Indre-et-Loire","37122","Joué-lès-Tours",4.0,"Joué ensemble","Joué ensemble","LDVG","Liste divers gauche","OUI",1.0,"M","FREDON","Romain","Française","","OUI"
"37","Indre-et-Loire","37123","Langeais",1.0,"Ensemble, pour l'avenir de Langeais","Ensemble, pour l'avenir de Langeais","LDVG","Liste divers gauche","OUI",1.0,"M","RUEL","Fabrice","Française","","OUI"
"37","Indre-et-Loire","37124","Larçay",1.0,"BIEN VIVRE A LARCAY","BIEN VIVRE A LARCAY","","","OUI",1.0,"M","PETIBON","Yves","Française","","OUI"
"37","Indre-et-Loire","37125","Lémeré",1.0,"BIEN VIVRE A LEMERE","BIEN VIVRE A LEMERE","","","OUI",1.0,"F","JUSZCZAK","Martine","Française","",""
"37","Indre-et-Loire","37126","Lerné",1.0,"Un nouvel élan pour Lerné","Un nouvel élan pour Lerné","","","OUI",1.0,"F","SAUNIER","Annie","Française","",""
"37","Indre-et-Loire","37127","Le Liège",1.0,"Gardons le Cap pour Le Liège","GARDONS LE CAP POUR LE LIEGE","","","OUI",1.0,"M","ADJADJ","Christophe","Française","",""
"37","Indre-et-Loire","37127","Le Liège",2.0,"agir pour demain","AGIR POUR DEMAIN","","","OUI",1.0,"M","FLINK-MICHEL","Hervé","Française","",""
"37","Indre-et-Loire","37128","Lignières-de-Touraine",1.0,"POUR LIGNIÈRES-DE-TOURAINE, CONTINUONS ENSEMBLE","POUR LIGNIÈRES-DE-TOURAINE, CONTINUONS ENSEMBLE","","","OUI",1.0,"F","TESSIER","Sylvie","Française","","OUI"
"37","Indre-et-Loire","37129","Ligré",1.0,"BIEN VIVRE A LIGRE","BIEN VIVRE A LIGRE","","","OUI",1.0,"M","THIVEL","Bernard","Française","","OUI"
"37","Indre-et-Loire","37130","Ligueil",1.0,"Continuons ensemble Ligueil","Continuons ensemble pour Ligueil","","","OUI",1.0,"M","GUIGNAUDEAU","Michel","Française","","OUI"
"37","Indre-et-Loire","37131","Limeray",1.0,"LIMERAY COMMUN","LIMERAY EN COMMUN","","","OUI",1.0,"F","GAY-CHANTELOUP","Virginie","Française","","OUI"
"37","Indre-et-Loire","37132","Loches",1.0,"UN NOUVEL HORIZON POUR LOCHES","UN NOUVEL HORIZON POUR LOCHES: SOLIDAIRE, ECOLOGIQUE, PARTICIPATIF","LDVG","Liste divers gauche","OUI",1.0,"F","TROIVILLE","Adèle","Française","","OUI"
"37","Indre-et-Loire","37132","Loches",2.0,"Loches d'Aujourd'hui à Demain","Loches d'Aujourd'hui à Demain","LDVD","Liste divers droite","OUI",1.0,"F","GERVÈS","Valérie","Française","","OUI"
"37","Indre-et-Loire","37133","Loché-sur-Indrois",1.0,"Loché vivre agir","Loché, vivre et agir","","","OUI",1.0,"M","BÉRAUD","Pascal","Française","",""
"37","Indre-et-Loire","37134","Louans",1.0,"LOUANS, UN AVENIR A CONTRUIRE ENSEMBLE","LOUANS, UN AVENIR A CONSTRUIRE ENSEMBLE","","","OUI",1.0,"F","AUDIGER","Anaïs","Française","",""
"37","Indre-et-Loire","37136","Le Louroux",1.0,"TOUS ENSEMBLE POUR LE LOUROUX","TOUS ENSEMBLE POUR LE LOUROUX","","","OUI",1.0,"M","DENIAU","Eric","Française","",""
"37","Indre-et-Loire","37137","Lublé",1.0,"Ensemble pour Lublé","Ensemble pour Lublé","","","OUI",1.0,"F","AGNAN","Céline","Française","",""
"37","Indre-et-Loire","37138","Lussault-sur-Loire",1.0,"LUSSAULT, AVENIR COMMUN","POUR LUSSAULT,UN AVENIR EN COMMUN","","","OUI",1.0,"M","LENGLET","Hervé","Française","",""
"37","Indre-et-Loire","37139","Luynes",1.0,"LUYNES AVENIR","LUYNES AVENIR","LDVD","Liste divers droite","OUI",1.0,"M","RITOURET","Bertrand","Française","","OUI"
"37","Indre-et-Loire","37139","Luynes",2.0,"Luynes avec vous","Luynes avec vous","LDVG","Liste divers gauche","OUI",1.0,"F","GIRARD","Temanuata","Française","","OUI"
"37","Indre-et-Loire","37139","Luynes",3.0,"LUYNES LA NOUVELLE DYNAMIQUE","LUYNES LA NOUVELLE DYNAMIQUE","LDVD","Liste divers droite","OUI",1.0,"M","MAQUIN","Antoine","Française","","OUI"
"37","Indre-et-Loire","37140","Luzé",1.0,"UNIS POUR L'AVENIR DE NOTRE VILLAGE","UNIS POUR L'AVENIR DE NOTRE VILLAGE","","","OUI",1.0,"F","PARENT","Annabelle","Française","",""
"37","Indre-et-Loire","37141","Luzillé",1.0,"Union pou Luzillé","Union pour Luzillé","","","OUI",1.0,"M","BELORGEY","Jean-Marc","Française","",""
"37","Indre-et-Loire","37142","Maillé",1.0,"POURSUIVRE ENSEMBLE POUR MAILLÉ","POURSUIVRE ENSEMBLE POUR MAILLÉ","","","OUI",1.0,"M","PROUTEAU","Sébastien","Française","",""
"37","Indre-et-Loire","37143","Manthelan",1.0,"Avec vous, agissons pour demain","Avec vous, agissons pour demain","","","OUI",1.0,"M","BOBIER","Gérard","Française","","OUI"
"37","Indre-et-Loire","37143","Manthelan",2.0,"Manthelan, nouvel élan","MANTHELAN, UN NOUVEL ELAN !","","","OUI",1.0,"M","PIPEREAU","Bernard","Française","","OUI"
"37","Indre-et-Loire","37143","Manthelan",3.0,"MANTHELAN VIVRE ENSEMBLE","MANTHELAN VIVRE ENSEMBLE","","","OUI",1.0,"F","NIBODEAU","Isabelle","Française","","OUI"
"37","Indre-et-Loire","37144","Marçay",1.0,"MARCAY notre village","MARCAY notre village","","","OUI",1.0,"M","BRIANT","André","Française","",""
"37","Indre-et-Loire","37145","Marcé-sur-Esves",1.0,"Continuons ensemble à Marcé-sur-Esves","Continuons ensemble à Marcé-sur-Esves","","","OUI",1.0,"M","DUBOIS","Gérard","Française","",""
"37","Indre-et-Loire","37146","Marcilly-sur-Maulne",1.0,"Agir dès aujourd'hui pour un village plein d'avenir","Agir dès aujourd'hui pour un village plein d'avenir","","","OUI",1.0,"M","GUINOISEAU","Dominique","Française","",""
"37","Indre-et-Loire","37147","Marcilly-sur-Vienne",1.0,"ENSEMBLE POUR MARCILLY","ENSEMBLE POUR MARCILLY","","","OUI",1.0,"M","BRUNET","Thierry","Française","",""
"37","Indre-et-Loire","37148","Marigny-Marmande",1.0,"UNIS POUR MARIGNY MARMANDE","UNIS POUR MARIGNY MARMANDE","","","OUI",1.0,"F","VOISINE-BRAULT","Mélina","Française","",""
"37","Indre-et-Loire","37149","Marray",1.0,"UNE EQUIPE POUR TOUTES ET TOUS","UNE EQUIPE POUR TOUTES ET TOUS","","","OUI",1.0,"M","CAPON","Philippe","Française","",""
"37","Indre-et-Loire","37150","Mazières-de-Touraine",1.0,"Bien vivre ensemble à Mazières","Bien vivre ensemble à Mazières","","","OUI",1.0,"M","ELOY","Thierry","Française","","OUI"
"37","Indre-et-Loire","37150","Mazières-de-Touraine",2.0,"UNIS POUR MAZIERES","UNIS POUR MAZIERES","","","OUI",1.0,"F","MELO","Isabelle","Française","","OUI"
"37","Indre-et-Loire","37151","La Membrolle-sur-Choisille",1.0,"Unie, La Membrolle Revit","Unie, La Membrolle Revit","","","OUI",1.0,"M","MAROT","Noah","Française","","OUI"
"37","Indre-et-Loire","37151","La Membrolle-sur-Choisille",2.0,"J'AI CHOISILLE LA MEMBROLLE","J'AI CHOISILLE LA MEMBROLLE","","","OUI",1.0,"M","MARAIS","Sébastien","Française","","OUI"
"37","Indre-et-Loire","37151","La Membrolle-sur-Choisille",3.0,"NOUVELLE DYNAMIQUE POUR LA MEMBROLLE","NOUVELLE DYNAMIQUE POUR LA MEMBROLLE","","","OUI",1.0,"F","AUDET-PINARD","Cécile","Française","","OUI"
"37","Indre-et-Loire","37152","Mettray",1.0,"ENSEMBLE POUR METTRAY","ENSEMBLE POUR METTRAY","","","OUI",1.0,"M","KERNER","Khan","Française","","OUI"
"37","Indre-et-Loire","37152","Mettray",2.0,"METTRAY, COEUR CITOYEN","METTRAY, COEUR CITOYEN","","","OUI",1.0,"M","DUTAY","Emmanuel","Française","","OUI"
"37","Indre-et-Loire","37153","Monnaie",1.0,"MONNAIE AGIR ENSEMBLE","MONNAIE AGIR ENSEMBLE","LDVC","Liste divers centre","OUI",1.0,"M","DUVEAUX","Christophe","Française","","OUI"
"37","Indre-et-Loire","37153","Monnaie",2.0,"MONNAIE une vision partagée","MONNAIE une vision partagée","LDVD","Liste divers droite","OUI",1.0,"M","VIÉMONT","Olivier","Française","","OUI"
"37","Indre-et-Loire","37154","Montbazon",1.0,"MONTBAZON INTENSEMENT","MONTBAZON INTENSEMENT","LDVD","Liste divers droite","OUI",1.0,"F","GINER","Sylvie","Française","","OUI"
"37","Indre-et-Loire","37155","Monthodon",1.0,"CONTINUONS ENSEMBLE","CONTINUONS ENSEMBLE","","","OUI",1.0,"M","LAUGIS","Frédéric","Française","",""
"37","Indre-et-Loire","37155","Monthodon",2.0,"MONTHODON SE REVEILLE","MONTHODON SE REVEILLE","","","OUI",1.0,"F","LHOMME","Sarah","Française","",""
"37","Indre-et-Loire","37156","Montlouis-sur-Loire",1.0,"MONTLOUIS POUR TOUS","MONTLOUIS POUR TOUS","LDIV","Liste Divers","OUI",1.0,"M","DUVAL","Olivier","Française","","OUI"
"37","Indre-et-Loire","37156","Montlouis-sur-Loire",2.0,"Partageons la passion de Montlouis !","Partageons la passion de Montlouis !","LDVG","Liste divers gauche","OUI",1.0,"M","MORETTE","Vincent","Française","","OUI"
"37","Indre-et-Loire","37157","Montrésor",1.0,"Montrésor notre village","Montrésor notre village","","","OUI",1.0,"M","GAULTIER","Frédéric","Française","",""
"37","Indre-et-Loire","37158","Montreuil-en-Touraine",1.0,"Montreuil en Touraine Demain","Montreuil en Touraine Demain","","","OUI",1.0,"F","CARLIER","Delphine","Française","",""
"37","Indre-et-Loire","37158","Montreuil-en-Touraine",2.0,"Montreuil avenir commun","Montreuil en Touraine, notre avenir commun","","","OUI",1.0,"M","CICUTTI","Claude","Française","",""
"37","Indre-et-Loire","37159","Monts",1.0,"MONTS AVENIR CITOYEN","MONTS AVENIR CITOYEN","LDIV","Liste Divers","OUI",1.0,"M","GRILLET","Frédéric","Française","","OUI"
"37","Indre-et-Loire","37159","Monts",2.0,"POUR MONTS !","POUR MONTS !","LDVG","Liste divers gauche","OUI",1.0,"F","GAY","Catherine","Française","","OUI"
"37","Indre-et-Loire","37160","Morand",1.0,"Une dynamique commune","Une dynamique commune","","","OUI",1.0,"F","HENTZIEN","Emilie","Française","",""
"37","Indre-et-Loire","37161","Mosnes",1.0,"ENSEMBLE POUR MOSNES","ENSEMBLE POUR MOSNES","","","OUI",1.0,"M","VILLEMAIN","Christophe","Française","",""
"37","Indre-et-Loire","37162","Mouzay",1.0,"NATURELLEMENT MOUZAY","NATURELLEMENT MOUZAY","","","OUI",1.0,"M","LERE","Francis","Française","",""
"37","Indre-et-Loire","37163","Nazelles-Négron",1.0,"NAZELLES EN MIEUX","NAZELLES - NEGRON EN MIEUX","LDVD","Liste divers droite","OUI",1.0,"M","FOUGERON","Franck","Française","","OUI"
"37","Indre-et-Loire","37163","Nazelles-Négron",2.0,"Ambitions Citoyennes pour Nazelles-Négron","Ambitions Citoyennes pour Nazelles-Négron","LDVG","Liste divers gauche","OUI",1.0,"M","BERDON","Dominique","Française","","OUI"
"37","Indre-et-Loire","37163","Nazelles-Négron",3.0,"NAZELLES-NEGRON, LISTE CITOYENNE","NAZELLES-NEGRON, LA LISTE CITOYENNE","LDVG","Liste divers gauche","OUI",1.0,"M","FIGUEIREDO","Fernando","Française","","OUI"
"37","Indre-et-Loire","37163","Nazelles-Négron",4.0,"UN NOUVEL AVENIR POUR NAZELLES-NÉGRON","UN NOUVEL AVENIR POUR NAZELLES-NÉGRON","LDVG","Liste divers gauche","OUI",1.0,"F","DALLET","Claudine","Française","","OUI"
"37","Indre-et-Loire","37165","Neuil",1.0,"Neuil ensemble autrement","Neuil ensemble autrement","","","OUI",1.0,"M","MORIN","Fabrice","Française","",""
"37","Indre-et-Loire","37165","Neuil",2.0,"Neuil avec passion et raison","Neuil avec passion et raison","","","OUI",1.0,"F","SENNEGON","Natalie","Française","",""
"37","Indre-et-Loire","37166","Neuillé-le-Lierre",1.0,"Ensemble Neuillé","Ensemble pour Neuillé","","","OUI",1.0,"F","LEVASSEUR","Natacha","Française","",""
"37","Indre-et-Loire","37167","Neuillé-Pont-Pierre",1.0,"Tous unis pour Neuillé","Tous unis pour Neuillé","","","OUI",1.0,"M","JOLLIVET","Michel","Française","","OUI"
"37","Indre-et-Loire","37167","Neuillé-Pont-Pierre",2.0,"AGIR LOCAL, REUSSIR ENSEMBLE","AGIR LOCAL, REUSSIR ENSEMBLE","","","OUI",1.0,"M","ROY","Christophe","Française","","OUI"
"37","Indre-et-Loire","37168","Neuilly-le-Brignon",1.0,"rassemblement pour neuilly","RASSEMBLEMENT POUR NEUILLY","","","OUI",1.0,"M","COINTRE","Dominique","Française","",""
"37","Indre-et-Loire","37169","Neuville-sur-Brenne",1.0,"Neuville sur Brenne, l'avenir se construit avec vous","Neuville sur Brenne, l'avenir se construit avec vous","","","OUI",1.0,"M","DUBREUIL","Matthieu","Française","",""
"37","Indre-et-Loire","37170","Neuvy-le-Roi",1.0,"Une équipe en action, un projet qui continue","Une équipe en action, un projet qui continue","","","OUI",1.0,"M","THELISSON","Flavien","Française","","OUI"
"37","Indre-et-Loire","37171","Noizay",1.0,"BIEN VIVRE À NOIZAY","BIEN VIVRE À NOIZAY","","","OUI",1.0,"M","MORIN","Pierre","Française","","OUI"
"37","Indre-et-Loire","37171","Noizay",2.0,"AGIR AVEC VOUS POUR NOIZAY","AGIR AVEC VOUS POUR NOIZAY","","","OUI",1.0,"M","GUIGNARD","Willy","Française","","OUI"
"37","Indre-et-Loire","37172","Notre-Dame-d'Oé",1.0,"AGISSONS ENSEMBLE","AGISSONS ENSEMBLE","LDVG","Liste divers gauche","OUI",1.0,"M","LEFRANÇOIS","Patrick","Française","","OUI"
"37","Indre-et-Loire","37173","Nouans-les-Fontaines",1.0,"NOUANS 2026","NOUANS 2026","","","OUI",1.0,"M","LAMBERT","Lionel","Française","",""
"37","Indre-et-Loire","37173","Nouans-les-Fontaines",2.0,"NOUS ENSEMBLE","NOUS ENSEMBLE","","","OUI",1.0,"F","JAMET","Capucine","Française","",""
"37","Indre-et-Loire","37174","Nouâtre",1.0,"ENSEMBLE POUR NOUÂTRE","ENSEMBLE POUR NOUÂTRE","","","OUI",1.0,"M","AUGRAS","Laurent","Française","",""
"37","Indre-et-Loire","37174","Nouâtre",2.0,"Unis pour le changement","Unis pour le changement","","","OUI",1.0,"F","GARNIER","Sophie","Française","",""
"37","Indre-et-Loire","37175","Nouzilly",1.0,"NOUZILLY UN VILLAGE EN ACTION","NOUZILLY UN VILLAGE EN ACTION","","","OUI",1.0,"M","BESNARD","Joël","Française","","OUI"
"37","Indre-et-Loire","37176","Noyant-de-Touraine",1.0,"Ensemble à Noyant-de-Touraine, construisons notre avenir !","Ensemble à Noyant-de-Touraine, construisons notre avenir !","","","OUI",1.0,"M","CHAMPION-BODIN","Théo","Française","","OUI"
"37","Indre-et-Loire","37177","Orbigny",1.0,"Liste Union Orbignaise","Liste d'Union Orbignoise","","","OUI",1.0,"M","CHARBONNIER","Jacky","Française","",""
"37","Indre-et-Loire","37178","Panzoult",1.0,"A PANZOULT, L'AVENIR SE VIT ENSEMBLE","A PANZOULT, L'AVENIR SE VIT ENSEMBLE","","","OUI",1.0,"F","NAVATTE","Florence","Française","",""
"37","Indre-et-Loire","37179","Parçay-Meslay",1.0,"AVANÇONS ENSEMBLE POUR PARÇAY-MESLAY","AVANÇONS ENSEMBLE POUR PARÇAY-MESLAY","","","OUI",1.0,"M","FENET","Bruno","Française","","OUI"
"37","Indre-et-Loire","37180","Parçay-sur-Vienne",1.0,"Ensemble bâtissons l'avenir","Ensemble bâtissons l'avenir","","","OUI",1.0,"M","DURAND","Olivier","Française","",""
"37","Indre-et-Loire","37181","Paulmy",1.0,"AVANÇONS TOUS ENSEMBLE POUR PAULMY","AVANÇONS TOUS ENSEMBLE POUR PAULMY","","","OUI",1.0,"F","MORVAN","Gladys","Française","",""
"37","Indre-et-Loire","37182","Pernay",1.0,"PERNAY DEMAIN","PERNAY DEMAIN","","","OUI",1.0,"M","PENINON","Jean-Pierre","Française","","OUI"
"37","Indre-et-Loire","37183","Perrusson",1.0,"perrusson au coeur","PERRUSSON AU COEUR","","","OUI",1.0,"M","MARAIS","Cédric","Française","","OUI"
"37","Indre-et-Loire","37184","Le Petit-Pressigny",1.0,"Tous unis Petit-Pressigny","Tous unis pour le Petit-Pressigny","","","OUI",1.0,"M","MARIN","François","Française","",""
"37","Indre-et-Loire","37185","Pocé-sur-Cisse",1.0,"Réinventons Pocé","Réinventons Pocé","","","OUI",1.0,"F","MOUNEYRAT","Christel","Française","","OUI"
"37","Indre-et-Loire","37185","Pocé-sur-Cisse",2.0,"POUR UN VILLAGE DURABLE","POUR UN VILLAGE DURABLE","","","OUI",1.0,"M","COURGEAU","Claude","Française","","OUI"
"37","Indre-et-Loire","37186","Pont-de-Ruan",1.0,"ENSEMBLE POUR DEMAIN","ENSEMBLE POUR DEMAIN","","","OUI",1.0,"M","MEAUX","Frédéric","Française","","OUI"
"37","Indre-et-Loire","37187","Ports-sur-Vienne",1.0,"ENSEMBLE POUR L'AVENIR","ENSEMBLE POUR L'AVENIR","","","OUI",1.0,"M","RAIMBAULT","Christophe","Française","",""
"37","Indre-et-Loire","37188","Pouzay",1.0,"ENSEMBLE POUR POUZAY","ENSEMBLE POUR POUZAY","","","OUI",1.0,"M","VAN ACKER","Hervé","Française","",""
"37","Indre-et-Loire","37189","Preuilly-sur-Claise",1.0,"VIVRE AGIR POUR PREUILLY","VIVRE ET AGIR ENSEMBLE POUR PREUILLY SUR CLAISE","","","OUI",1.0,"F","PINKOSZ","Chantal","Française","","OUI"
"37","Indre-et-Loire","37189","Preuilly-sur-Claise",2.0,"Preuilly UN ÉLAN Commun","Preuilly UN ÉLAN Commun","","","OUI",1.0,"M","BARTHÉLEMY","Mathieu","Française","","OUI"
"37","Indre-et-Loire","37189","Preuilly-sur-Claise",3.0,"PREUILLY AU COEUR DU SUD TOURAINE","PREUILLY AU COEUR DU SUD TOURAINE","","","OUI",1.0,"M","CHABOISSON","Antoine","Française","","OUI"
"37","Indre-et-Loire","37190","Pussigny",1.0,"Pussigny, notre village","Pussigny, notre village","","","OUI",1.0,"M","BONNIN","Cyrille","Française","",""
"37","Indre-et-Loire","37190","Pussigny",2.0,"Agir pour l'avenir","Agir pour l'avenir","","","OUI",1.0,"M","DUBOIS","Alain","Française","",""
"37","Indre-et-Loire","37191","Razines",1.0,"Poursuivre ensemble à Razines","Poursuivre ensemble à Razines","","","OUI",1.0,"M","LIBEREAU","Franck","Française","",""
"37","Indre-et-Loire","37192","Reignac-sur-Indre",1.0,"EN AVANT REIGNAC","EN AVANT REIGNAC","","","OUI",1.0,"F","BEFFARA","Christine","Française","","OUI"
"37","Indre-et-Loire","37193","Restigné",1.0,"ENSEMBLE POUR RESTIGNÉ","ENSEMBLE POUR RESTIGNÉ","","","OUI",1.0,"M","BRÉANT","Éric","Française","","OUI"
"37","Indre-et-Loire","37194","Reugny",1.0,"Reugny, c'est vous et nous","Reugny, c'est vous et nous","","","OUI",1.0,"F","NOÉ","Sonia","Française","","OUI"
"37","Indre-et-Loire","37194","Reugny",2.0,"ENSEMBLE, AGISSONS POUR NOTRE VILLAGE","ENSEMBLE, AGISSONS POUR NOTRE VILLAGE","","","OUI",1.0,"M","TOKER","Nicolas","Française","","OUI"
"37","Indre-et-Loire","37195","La Riche",1.0,"ENSEMBLE POUR LA RICHE","ENSEMBLE POUR LA RICHE","LUG","Liste d'union à gauche","OUI",1.0,"M","CLÉMENT","Sébastien","Française","","OUI"
"37","Indre-et-Loire","37195","La Riche",2.0,"LA RICHE EN COMMUN","LA RICHE EN COMMUN","LDVG","Liste divers gauche","OUI",1.0,"M","SCHWARTZ","Wilfried","Française","","OUI"
"37","Indre-et-Loire","37196","Richelieu",1.0,"RICHELIEU POUR TOUS, TOUS POUR RICHELIEU","RICHELIEU POUR TOUS, TOUS POUR RICHELIEU","","","OUI",1.0,"M","MARTEGOUTTE","Etienne","Française","","OUI"
"37","Indre-et-Loire","37197","Rigny-Ussé",1.0,"POURSUIVRE ENSEMBLE","POURSUIVRE ENSEMBLE","","","OUI",1.0,"M","GAZAVE","Jean-Jacques","Française","",""
"37","Indre-et-Loire","37198","Rillé",1.0,"RILLÉ-Demain","RILLÉ-Demain","","","OUI",1.0,"M","ARACIL","Patrick","Française","",""
"37","Indre-et-Loire","37198","Rillé",2.0,"Une équipe renouvelée : Ensemble pour Rillé","Une équipe renouvelée : Ensemble pour Rillé","","","OUI",1.0,"F","GODIER","Anne","Française","",""
"37","Indre-et-Loire","37199","Rilly-sur-Vienne",1.0,"LA FORCE DU COLLECTIF POUR RILLY-SUR-VIENNE","LA FORCE DU COLLECTIF POUR RILLY-SUR-VIENNE","","","OUI",1.0,"M","BONNIN","Jean-Luc","Française","",""
"37","Indre-et-Loire","37200","Rivarennes",1.0,"RIVARENNES UNI, UN AVENIR CHOISI","RIVARENNES UNI, UN AVENIR CHOISI","","","OUI",1.0,"F","BUREAU","Agnès","Française","","OUI"
"37","Indre-et-Loire","37201","Rivière",1.0,"RIVIERE HIER, AUJOURD'HUI ET DEMAIN","RIVIERE HIER, AUJOURD'HUI ET DEMAIN","","","OUI",1.0,"M","BURLET","Jean Michel","Française","",""
"37","Indre-et-Loire","37202","La Roche-Clermault",1.0,"Vivre ensemble à la Roche-Clermault","Vivre ensemble à la Roche-Clermault","","","OUI",1.0,"M","LAMBERT","Guillaume","Française","",""
"37","Indre-et-Loire","37202","La Roche-Clermault",2.0,"Unissons Nous pour la Roche Clermault","Unissons Nous pour la Roche Clermault","","","OUI",1.0,"M","CHEVALIER","Pierre","Française","",""
"37","Indre-et-Loire","37203","Rochecorbon",1.0,"Bien vivre ensemble à Rochecorbon","Bien vivre ensemble à Rochecorbon","","","OUI",1.0,"M","NÈGRE","Philippe","Française","","OUI"
"37","Indre-et-Loire","37203","Rochecorbon",2.0,"ENGAGÉS POUR UN VILLAGE VIVANT","ENGAGÉS POUR UN VILLAGE VIVANT","","","OUI",1.0,"M","DUMENIL","Emmanuel","Française","","OUI"
"37","Indre-et-Loire","37204","Rouziers-de-Touraine",1.0,"ROUZIERS CAP COMMUN","ROUZIERS CAP COMMUN","","","OUI",1.0,"F","BOILLE","Caroline","Française","","OUI"
"37","Indre-et-Loire","37204","Rouziers-de-Touraine",2.0,"ENSEMBLE POUR ROUZIERS","ENSEMBLE POUR ROUZIERS","","","OUI",1.0,"M","GOMMENDY","Jean-Pierre","Française","","OUI"
"37","Indre-et-Loire","37205","Saché",1.0,"Saché : Vivre et agir ensemble","Saché : Vivre et agir ensemble","","","OUI",1.0,"M","AUGU","Stéphane","Française","","OUI"
"37","Indre-et-Loire","37206","Saint-Antoine-du-Rocher",1.0,"ROCANTONIENS, ROCANTONIENNES, L'AVENIR C'EST MAINTENANT","ROCANTONIENS, ROCANTONIENNES, L'AVENIR C'EST MAINTENANT","","","OUI",1.0,"M","RIVERAIN","Philippe","Française","","OUI"
"37","Indre-et-Loire","37206","Saint-Antoine-du-Rocher",2.0,"ENSEMBLE POUR SAINT ANTOINE","ENSEMBLE POUR SAINT ANTOINE","","","OUI",1.0,"F","PAIN","Claude","Française","","OUI"
"37","Indre-et-Loire","37206","Saint-Antoine-du-Rocher",3.0,"Demain, construisons Saint Antoine","Demain, construisons Saint Antoine","","","OUI",1.0,"F","GOUBIN","Alexandra","Française","","OUI"
"37","Indre-et-Loire","37207","Saint-Aubin-le-Dépeint",1.0,"St. Aubin : pour aujourd'hui et pour demain","St. Aubin : pour aujourd'hui et pour demain","","","OUI",1.0,"M","DURAND","Benoit","Française","",""
"37","Indre-et-Loire","37208","Saint-Avertin",1.0,"AVEC VOUS CHAQUE JOUR","AVEC VOUS CHAQUE JOUR","LDVD","Liste divers droite","OUI",1.0,"M","RAYMOND","Laurent","Française","","OUI"
"37","Indre-et-Loire","37208","Saint-Avertin",2.0,"DYNAMISER SAINT-AVERTIN","DYNAMISER SAINT-AVERTIN","LDVG","Liste divers gauche","OUI",1.0,"F","DUCHIRON","Virginie","Française","","OUI"
"37","Indre-et-Loire","37210","Saint-Benoît-la-Forêt",1.0,"Rassembler, Demain, pour Saint-Benoit-la-Forêt","Rassembler, Demain, pour Saint-Benoit-la-Forêt","","","OUI",1.0,"F","ISRAEL","Patricia","Française","",""
"37","Indre-et-Loire","37210","Saint-Benoît-la-Forêt",2.0,"ENSEMBLE POUR SAINT BENOÎT","ENSEMBLE POUR SAINT BENOÎT","","","OUI",1.0,"F","DEGRAVE","Catherine","Française","",""
"37","Indre-et-Loire","37211","Saint-Branchs",1.0,"UN NOUVEL ÉLAN POUR SAINT-BRANCHS","UN NOUVEL ÉLAN POUR SAINT-BRANCHS","","","OUI",1.0,"F","KILBRAI","Allyson","Française","","OUI"
"37","Indre-et-Loire","37211","Saint-Branchs",2.0,"SAINT-BRANCHS, NOTRE ENGAGEMENT COMMUN","SAINT-BRANCHS, NOTRE ENGAGEMENT COMMUN","","","OUI",1.0,"M","NATHIÉ","Patrick","Française","","OUI"
"37","Indre-et-Loire","37212","Sainte-Catherine-de-Fierbois",1.0,"ENSEMBLE POUR SAINTE CATHERINE","ENSEMBLE POUR SAINTE CATHERINE","","","OUI",1.0,"M","PLOTON","Pascal","Française","",""
"37","Indre-et-Loire","37213","Saint-Christophe-sur-le-Nais",1.0,"Les Christophoriens d'abord","Les Christophoriens d'abord","","","OUI",1.0,"M","COURATIN","Emmanuel","Française","","OUI"
"37","Indre-et-Loire","37213","Saint-Christophe-sur-le-Nais",2.0,"UN VILLAGE POUR TOUS","UN VILLAGE POUR TOUS","","","OUI",1.0,"M","ALBERT","Thierry","Française","","OUI"
"37","Indre-et-Loire","37214","Saint-Cyr-sur-Loire",1.0,"L'UNION PORTE L'AVENIR","L'UNION PORTE L'AVENIR","LDVG","Liste divers gauche","OUI",1.0,"M","LEROUX","Clément","Française","","OUI"
"37","Indre-et-Loire","37214","Saint-Cyr-sur-Loire",2.0,"SAINT CYR NOTRE AMBITION !","SAINT CYR NOTRE AMBITION !","LDVD","Liste divers droite","OUI",1.0,"M","BRIAND","Philippe","Française","","OUI"
"37","Indre-et-Loire","37216","Saint-Epain",1.0,"Liste d'union au service de la commune","Liste d'union au service de la commune","","","OUI",1.0,"F","BOULLIER","Florence","Française","","OUI"
"37","Indre-et-Loire","37217","Saint-Etienne-de-Chigny",1.0,"ENSEMBLE, FAISONS COMMUNE","ENSEMBLE, FAISONS COMMUNE","","","OUI",1.0,"M","SALIC","Regis","Française","","OUI"
"37","Indre-et-Loire","37217","Saint-Etienne-de-Chigny",2.0,"UN NOUVEAU SOUFFLE POUR SAINT-ETIENNE-DE-CHIGNY","UN NOUVEAU SOUFFLE POUR SAINT-ETIENNE-DE-CHIGNY","","","OUI",1.0,"M","GUILLEMOT","Philippe","Française","","OUI"
"37","Indre-et-Loire","37218","Saint-Flovier",1.0,"SAINT-FLOVIER UNI POUR L'AVENIR","SAINT-FLOVIER UNI POUR L'AVENIR","","","OUI",1.0,"F","RICHARD","Stéphanie","Française","",""
"37","Indre-et-Loire","37219","Saint-Genouph",1.0,"Ensemble, agissons pour demain","Ensemble, agissons pour demain","","","OUI",1.0,"F","SUARD","Patricia","Française","","OUI"
"37","Indre-et-Loire","37220","Saint-Germain-sur-Vienne",1.0,"Ensemble Pour Saint Germain","Ensemble Pour Saint Germain","","","OUI",1.0,"M","GROSBOIS","Philippe","Française","",""
"37","Indre-et-Loire","37221","Saint-Hippolyte",1.0,"AVENIR ET RURALITE","AVENIR ET RURALITE","","","OUI",1.0,"M","PASQUIER","Patrick","Française","",""
"37","Indre-et-Loire","37222","Saint-Jean-Saint-Germain",1.0,"LISTE D'UNION ET D'ANIMATION COMMUNALE","LISTE D'UNION ET D'ANIMATION COMMUNALE","","","OUI",1.0,"M","D'OCAGNE","Guillaume","Française","",""
"37","Indre-et-Loire","37223","Saint-Laurent-de-Lin",1.0,"TOUJOURS ENSEMBLE POUR SAINT LAURENT-DE-LIN","TOUJOURS ENSEMBLE POUR SAINT LAURENT-DE-LIN","","","OUI",1.0,"M","SORIN","Jean-Paul","Française","",""
"37","Indre-et-Loire","37224","Saint-Laurent-en-Gâtines",1.0,"Saint-Laurent-en-Gâtines, bien vivre ensemble","Saint-Laurent-en-Gâtines, bien vivre ensemble","","","OUI",1.0,"M","YSABELLE","Stéphane","Française","",""
"37","Indre-et-Loire","37225","Saint-Martin-le-Beau",1.0,"AGIR Ensemble pour Saint-Martin-le-Beau","ECOUTER et AGIR Ensemble pour Saint-Martin-le-Beau","","","OUI",1.0,"M","SCHNEL","Alain","Française","","OUI"
"37","Indre-et-Loire","37226","Sainte-Maure-de-Touraine",1.0,"AGISSONS POUR SAINTE MAURE DE TOURAINE","AGISSONS POUR SAINTE MAURE DE TOURAINE","LDIV","Liste Divers","OUI",1.0,"F","RICHARD","Annaïck","Française","","OUI"
"37","Indre-et-Loire","37226","Sainte-Maure-de-Touraine",2.0,"Continuons ensemble pour Sainte Maure de Touraine","Continuons ensemble pour Sainte Maure de Touraine","LDVD","Liste divers droite","OUI",1.0,"M","CHAMPIGNY","Michel","Française","","OUI"
"37","Indre-et-Loire","37228","Saint-Nicolas-de-Bourgueil",1.0,"Pour l'avenir de Saint Nicolas de Bourgueil","Pour l'avenir de Saint Nicolas de Bourgueil","","","OUI",1.0,"M","OLIVIER","Patrick","Française","","OUI"
"37","Indre-et-Loire","37229","Saint-Nicolas-des-Motets",1.0,"montoux-colasiens, poursuivons ensemble notre élan","Montoux-Colasiens, Poursuivons Ensemble notre Élan","","","OUI",1.0,"F","VERWAERDE","Béatrice","Française","",""
"37","Indre-et-Loire","37230","Saint-Ouen-les-Vignes",1.0,"UNE AMBITION COMMUNE","UNE AMBITION COMMUNE","","","OUI",1.0,"M","DENIAU","Philippe","Française","",""
"37","Indre-et-Loire","37231","Saint-Paterne-Racan",1.0,"Saint-Paterne-Racan : une ruralité dynamique, innovante et citoyenne","Saint-Paterne-Racan : une ruralité dynamique, innovante et citoyenne","","","OUI",1.0,"M","LAPLEAU","Eric","Française","","OUI"
"37","Indre-et-Loire","37232","Coteaux-sur-Loire",1.0,"COTEAUX-SUR-LOIRE CONSTRUISONS L'AVENIR ENSEMBLE","COTEAUX-SUR-LOIRE CONSTRUISONS L'AVENIR ENSEMBLE","","","OUI",1.0,"M","SANS-CHAGRIN","Daniel","Française","","OUI"
"37","Indre-et-Loire","37233","Saint-Pierre-des-Corps",1.0,"SAINT-PIERRE AUTREMENT","SAINT-PIERRE AUTREMENT","LDVD","Liste divers droite","OUI",1.0,"M","CONTE","Olivier","Française","","OUI"
"37","Indre-et-Loire","37233","Saint-Pierre-des-Corps",2.0,"Lutte ouvrière - Le camp des travailleurs","Lutte ouvrière - Le camp des travailleurs","LEXG","Liste d'extrême-gauche","OUI",1.0,"F","BRUNET","Anne","Française","","OUI"
"37","Indre-et-Loire","37233","Saint-Pierre-des-Corps",3.0,"GAUCHE UNIE ET ECOLOGISTE A SAINT PIERRE DES CORPS","GAUCHE UNIE ET ECOLOGISTE A SAINT PIERRE DES CORPS","LUG","Liste d'union à gauche","OUI",1.0,"M","SOULAS","Michel","Française","","OUI"
"37","Indre-et-Loire","37233","Saint-Pierre-des-Corps",4.0,"FAISONS MIEUX AVEC VOUS !","FAISONS MIEUX AVEC VOUS !","LFI","Liste de La France insoumise","OUI",1.0,"M","DELPLACE","Thomas","Française","","OUI"
"37","Indre-et-Loire","37234","Saint-Quentin-sur-Indrois",1.0,"agissons ensemble pour Saint Quentin","AGISSONS ENSEMBLE POUR SAINT QUENTIN","","","OUI",1.0,"F","DERUYVER-AVERLAND","Cécile","Française","",""
"37","Indre-et-Loire","37236","Saint-Règle",1.0,"Saint Règle 2026 - cap sur 2032","Saint Règle 2026 - cap sur 2032","","","OUI",1.0,"M","LAPOINTE","Cyril","Française","",""
"37","Indre-et-Loire","37237","Saint-Roch",1.0,"SAINT ROCH: NOTRE VILLAGE, NOTRE HERITAGE, NOTRE AVENIR","SAINT ROCH: NOTRE VILLAGE, NOTRE HERITAGE, NOTRE AVENIR","","","OUI",1.0,"M","HERTEAU","Stéphane","Française","","OUI"
"37","Indre-et-Loire","37238","Saint-Senoch",1.0,"ENSEMBLE POUR NOTRE COMMUNE","ENSEMBLE POUR NOTRE COMMUNE","","","OUI",1.0,"M","RÉAU","Pascal","Française","",""
"37","Indre-et-Loire","37240","Saunay",1.0,"ENSEMBLE POUR SERVIR SAUNAY","ENSEMBLE POUR SERVIR SAUNAY","","","OUI",1.0,"F","DATTÉE","Catherine","Française","",""
"37","Indre-et-Loire","37240","Saunay",2.0,"ENSEMBLE POUR NOUVELLE DYNAMIQUE A SAUNAY","ENSEMBLE POUR UNE NOUVELLE DYNAMIQUE A SAUNAY","","","OUI",1.0,"M","MARTINEZ","Christophe","Française","",""
"37","Indre-et-Loire","37241","Savigné-sur-Lathan",1.0,"HORIZON 2032","HORIZON 2032","","","OUI",1.0,"M","BRUN","Hugues","Française","","OUI"
"37","Indre-et-Loire","37241","Savigné-sur-Lathan",2.0,"Pour l'avenir de Savigné","Pour l'avenir de Savigné","","","OUI",1.0,"M","GOUTARD","Frédéric","Française","","OUI"
"37","Indre-et-Loire","37242","Savigny-en-Véron",1.0,"SAVIGNY, RÉUNIS POUR UN VILLAGE DE COEUR ET D'IDÉES","SAVIGNY, RÉUNIS POUR UN VILLAGE DE COEUR ET D'IDÉES","","","OUI",1.0,"M","CHAUVELIN","Laurent","Française","","OUI"
"37","Indre-et-Loire","37243","Savonnières",1.0,"SAVONNIERES, VIVONS-LE ENSEMBLE","SAVONNIERES, VIVONS-LE ENSEMBLE","","","OUI",1.0,"F","SAVATON","Nathalie","Française","","OUI"
"37","Indre-et-Loire","37243","Savonnières",2.0,"AVEC VOUS POUR SAVONNIERES","AVEC VOUS POUR SAVONNIERES","","","OUI",1.0,"F","MONDON-DELAVOUS","Evelyne","Française","","OUI"
"37","Indre-et-Loire","37245","Semblançay",1.0,"Avec vous, pour Semblançay","Avec vous, pour Semblançay","","","OUI",1.0,"F","BOIVINET","Valérie","Française","","OUI"
"37","Indre-et-Loire","37246","Sennevières",1.0,"UN VILLAGE, UN PARTAGE !","UN VILLAGE, UN PARTAGE !","","","OUI",1.0,"F","KRIER","Caroline","Française","",""
"37","Indre-et-Loire","37247","Sepmes",1.0,"SEPMES AVEC VOUS","SEPMES AVEC VOUS","","","OUI",1.0,"F","REZEAU","Régine","Française","",""
"37","Indre-et-Loire","37248","Seuilly",1.0,"ENSEMBLE POUR SEUILLY","ENSEMBLE POUR SEUILLY","","","OUI",1.0,"M","DEGUINGAND","Thierry","Française","",""
"37","Indre-et-Loire","37249","Sonzay",1.0,"Le Futur pour Sonzay","Le Futur pour Sonzay","","","OUI",1.0,"F","GOUMON","Isabelle","Française","","OUI"
"37","Indre-et-Loire","37250","Sorigny",1.0,"Sorigny, c'est vous","Sorigny, c'est vous","","","OUI",1.0,"M","ESNAULT","Alain","Française","","OUI"
"37","Indre-et-Loire","37250","Sorigny",2.0,"SORIGNY UNIS POUR AGIR","SORIGNY UNIS POUR AGIR","","","OUI",1.0,"M","LEPROULT","Jonathan","Française","","OUI"
"37","Indre-et-Loire","37250","Sorigny",3.0,"ENSEMBLE POUR SORIGNY","ENSEMBLE POUR SORIGNY","","","OUI",1.0,"F","LEROUX-LACOUA","Sophie","Française","","OUI"
"37","Indre-et-Loire","37251","Souvigné",1.0,"ENSEMBLE POUR SOUVIGNE","ENSEMBLE POUR SOUVIGNE","","","OUI",1.0,"F","VIRTON","Audrey","Française","",""
"37","Indre-et-Loire","37251","Souvigné",2.0,"VIVRE ET AGIR ENSEMBLE A SOUVIGNE","VIVRE ET AGIR ENSEMBLE A SOUVIGNE","","","OUI",1.0,"M","AUBERT","Chrystophe","Française","",""
"37","Indre-et-Loire","37252","Souvigny-de-Touraine",1.0,"ENSEMBLE POUR SOUVIGNY-DE-TOURAINE","ENSEMBLE POUR SOUVIGNY-DE-TOURAINE","","","OUI",1.0,"M","SAROUILLE","Frederic","Française","",""
"37","Indre-et-Loire","37252","Souvigny-de-Touraine",2.0,"SOUVIGNY, pour aujourd'hui et pour demain","SOUVIGNY, pour aujourd'hui et pour demain","","","OUI",1.0,"F","VACCHER","Nathalie","Française","",""
"37","Indre-et-Loire","37253","Sublaines",1.0,"SUBLAINES, AVENIR PARTAGÉ","SUBLAINES, AVENIR PARTAGÉ","","","OUI",1.0,"M","JARRY","Jérôme","Française","",""
"37","Indre-et-Loire","37254","Tauxigny-Saint-Bauld",1.0,"Tissons l'avenir avec vous","Tissons l'avenir avec vous","","","OUI",1.0,"M","GIRARD","Yannis","Française","","OUI"
"37","Indre-et-Loire","37254","Tauxigny-Saint-Bauld",2.0,"DE NOS RACINES CREONS L'AVENIR","DE NOS RACINES CREONS L'AVENIR","","","OUI",1.0,"M","DOUCET","Antoine","Française","","OUI"
"37","Indre-et-Loire","37255","Tavant",1.0,"L'Avenir se prépare à Tavant","L'Avenir se prépare à Tavant","","","OUI",1.0,"M","TRAVAILLARD","Yves","Française","",""
"37","Indre-et-Loire","37256","Theneuil",1.0,"Tous ensemble pour Theneuil","Tous ensemble pour Theneuil","","","OUI",1.0,"M","MORON","Sylvère","Française","",""
"37","Indre-et-Loire","37257","Thilouze",1.0,"ENSEMBLE,CONSTRUISONS THILOUZE POUR DEMAIN","ENSEMBLE,CONSTRUISONS THILOUZE POUR DEMAIN","","","OUI",1.0,"M","LOIZON","Eric","Française","","OUI"
"37","Indre-et-Loire","37258","Thizay",1.0,"AGIR ENSEMBLE - BIEN VIVRE A THIZAY","AGIR ENSEMBLE - BIEN VIVRE A THIZAY","","","OUI",1.0,"M","BIDET","Eric","Française","",""
"37","Indre-et-Loire","37259","Tournon-Saint-Pierre",1.0,"BIEN VIVRE ENSEMBLE A TOURNON SAINT PIERRE","BIEN VIVRE ENSEMBLE A TOURNON SAINT PIERRE","","","OUI",1.0,"F","THIBAULT","Nicole","Française","",""
"37","Indre-et-Loire","37260","La Tour-Saint-Gelin",1.0,"AGIR ENSEMBLE POUR LA TOUR-SAINT-GELIN","AGIR ENSEMBLE POUR LA TOUR-SAINT-GELIN","","","OUI",1.0,"F","LAMBOUL","Anna","Française","",""
"37","Indre-et-Loire","37261","Tours",1.0,"Faire Mieux pour Tours","Faire Mieux pour Tours","LFI","Liste de La France insoumise","OUI",1.0,"F","QUINTON","Marie","Française","","OUI"
"37","Indre-et-Loire","37261","Tours",2.0,"Tours inspire","Tours inspire","LUG","Liste d'union à gauche","OUI",1.0,"M","DENIS","Emmanuel","Française","MAI","OUI"
"37","Indre-et-Loire","37261","Tours",3.0,"LUTTE OUVRIERE - LE CAMP DES TRAVAILLEURS","LUTTE OUVRIERE - LE CAMP DES TRAVAILLEURS","LEXG","Liste d'extrême-gauche","OUI",1.0,"M","JOUHANNAUD","Thomas","Française","","OUI"
"37","Indre-et-Loire","37261","Tours",4.0,"CHANGEONS TOURS !","CHANGEONS TOURS !","LDVC","Liste divers centre","OUI",1.0,"M","PIERRE","Benoist","Française","","OUI"
"37","Indre-et-Loire","37261","Tours",5.0,"À NOTRE TOURS","À NOTRE TOURS","LRN","Liste du Rassemblement National","OUI",1.0,"M","NIKOLIC","Aleksandar","Française","RPE","OUI"
"37","Indre-et-Loire","37261","Tours",6.0,"TOURS POUR LES TRAVAILLEURS ET LES JEUNES","TOURS POUR LES TRAVAILLEURS ET LES JEUNES","LEXG","Liste d'extrême-gauche","OUI",1.0,"F","DELORE","Claire","Française","","OUI"
"37","Indre-et-Loire","37261","Tours",7.0,"NATURELLEMENT TOURS","NATURELLEMENT TOURS","LHOR","Liste Horizons","OUI",1.0,"M","ALFANDARI","Henri","Française","DEP","OUI"
"37","Indre-et-Loire","37261","Tours",8.0,"TOURS POUR TOUS","TOURS POUR TOUS","LDVC","Liste divers centre","OUI",1.0,"M","BOUCHET","Christophe","Française","","OUI"
"37","Indre-et-Loire","37262","Trogues",1.0,"BIEN VIVRE A TROGUES","BIEN VIVRE A TROGUES","","","OUI",1.0,"M","ALIZON","Christophe","Française","",""
"37","Indre-et-Loire","37263","Truyes",1.0,"TRUYES 2026 - UNE NOUVELLE ENERGIE","TRUYES 2026 - UNE NOUVELLE ENERGIE","","","OUI",1.0,"M","BIROCHEAU","Jerome","Française","","OUI"
"37","Indre-et-Loire","37263","Truyes",2.0,"Tous ensemble pour Truyes 2026","Tous ensemble pour Truyes 2026","","","OUI",1.0,"M","DE COLBERT","Stéphane","Française","","OUI"
"37","Indre-et-Loire","37264","Vallères",1.0,"AGIR ENSEMBLE POUR L'AVENIR DE VALLERES","AGIR ENSEMBLE POUR L'AVENIR DE VALLERES","","","OUI",1.0,"M","CADIOU","Jean-Luc","Française","","OUI"
"37","Indre-et-Loire","37265","Varennes",1.0,"Varennes ensemble","Varennes ensemble","","","OUI",1.0,"M","DIACRE","Julien","Française","",""
"37","Indre-et-Loire","37266","Veigné",1.0,"VEIGNE AU COEUR","VEIGNE AU COEUR","LDVD","Liste divers droite","OUI",1.0,"M","MICHAUD","Patrick","Française","","OUI"
"37","Indre-et-Loire","37266","Veigné",2.0,"VEIGNÉ AUTREMENT","VEIGNÉ AUTREMENT","LDVG","Liste divers gauche","OUI",1.0,"M","CHAUSSON","Jean","Française","","OUI"
"37","Indre-et-Loire","37266","Veigné",3.0,"VIVRE À VEIGNÉ","VIVRE À VEIGNÉ","LDIV","Liste Divers","OUI",1.0,"M","JASNIN","Jean-Marc","Française","","OUI"
"37","Indre-et-Loire","37267","Véretz",1.0,"UN CAP POUR VERETZ","UN CAP POUR VERETZ","LDVD","Liste divers droite","OUI",1.0,"M","AUGEREAU","Gilles","Française","","OUI"
"37","Indre-et-Loire","37268","Verneuil-le-Château",1.0,"ON S'ENGAGE POUR NOTRE VILLAGE","ON S'ENGAGE POUR NOTRE VILLAGE","","","OUI",1.0,"M","BIGOT","Eric","Française","",""
"37","Indre-et-Loire","37269","Verneuil-sur-Indre",1.0,"AGIR ENSEMBLE POUR NOTRE VILLAGE","AGIR ENSEMBLE POUR NOTRE VILLAGE","","","OUI",1.0,"F","BERRUET","Elisabeth","Française","",""
"37","Indre-et-Loire","37269","Verneuil-sur-Indre",2.0,"ENSEMBLE POUR VERNEUIL","ENSEMBLE POUR VERNEUIL","","","OUI",1.0,"F","HUEZ","Dominique","Française","",""
"37","Indre-et-Loire","37270","Vernou-sur-Brenne",1.0,"Vernou dans le coeur, l'action au quotidien","Vernou dans le coeur, l'action au quotidien","","","OUI",1.0,"M","DEVALLÉE","Victorien","Française","","OUI"
"37","Indre-et-Loire","37271","Villaines-les-Rochers",1.0,"TOUJOURS ENSEMBLE POUR VILLAINES","TOUJOURS ENSEMBLE POUR VILLAINES","","","OUI",1.0,"M","PASQUIER","Florent","Française","","OUI"
"37","Indre-et-Loire","37271","Villaines-les-Rochers",2.0,"VILLAINES-LES-ROCHERS, VIVANTE","VILLAINES-LES-ROCHERS, VIVANTE","","","OUI",1.0,"F","BERGEOT","Marie-Annette","Française","","OUI"
"37","Indre-et-Loire","37272","Villandry",1.0,"Avec vous, ensemble pour Villandry","Avec vous, ensemble pour Villandry","","","OUI",1.0,"F","LÉPINE","Maria","Française","","OUI"
"37","Indre-et-Loire","37273","La Ville-aux-Dames",1.0,"LA VÉRITÉ DANS L'ACTION","LA VÉRITÉ DANS L'ACTION","LDVD","Liste divers droite","OUI",1.0,"M","BÉNARD","Alain","Française","","OUI"
"37","Indre-et-Loire","37273","La Ville-aux-Dames",2.0,"LA VILL'AUTREMENT","LA VILL'AUTREMENT","LDVG","Liste divers gauche","OUI",1.0,"M","LEVIEUX","Benoit","Française","","OUI"
"37","Indre-et-Loire","37274","Villebourg",1.0,"AGIR ENSEMBLE POUR VILLEBOURG","AGIR ENSEMBLE POUR VILLEBOURG","","","OUI",1.0,"M","FROMONT","Christophe","Française","",""
"37","Indre-et-Loire","37275","Villedômain",1.0,"pour un village vivant","Pour un village vivant","","","OUI",1.0,"M","MEUNIER","Vincent","Française","",""
"37","Indre-et-Loire","37276","Villedômer",1.0,"S'INVESTIR POUR VILLEDOMER","S'INVESTIR POUR VILLEDOMER","","","OUI",1.0,"M","CAMAIL","Philippe","Française","","OUI"
"37","Indre-et-Loire","37277","Villeloin-Coulangé",1.0,"ENGAGES POUR VILLELOIN-COULANGE","ENGAGES POUR VILLELOIN-COULANGE","","","OUI",1.0,"M","PILARD","Vincent","Française","",""
"37","Indre-et-Loire","37278","Villeperdue",1.0,"VILLEPERDUE MON VILLAGE","VILLEPERDUE MON VILLAGE","","","OUI",1.0,"M","DUPEY","Frédéric","Française","","OUI"
"37","Indre-et-Loire","37279","Villiers-au-Bouin",1.0,"Agir ensemble pour Villiers au Bouin","Agir ensemble pour Villiers au Bouin","","","OUI",1.0,"M","SAMEDI","Daniel","Française","",""
"37","Indre-et-Loire","37280","Vou",1.0,"UNE EQUIPE POUR VOU","UNE EQUIPE POUR VOU","","","OUI",1.0,"F","GUEROIS","Carole","Française","",""
"37","Indre-et-Loire","37281","Vouvray",1.0,"VOUVRAY DEMAIN","VOUVRAY DEMAIN","","","OUI",1.0,"M","AULAGNIER","Patrick","Française","","OUI"
"37","Indre-et-Loire","37281","Vouvray",2.0,"VOUVRAY NOTRE COMMUNE","VOUVRAY NOTRE COMMUNE","","","OUI",1.0,"F","PINEAU","Brigitte","Française","","OUI"
"37","Indre-et-Loire","37282","Yzeures-sur-Creuse",1.0,"Yzeures, Cap sur demain","Yzeures, Cap sur demain","","","OUI",1.0,"M","PÉRIVIER","Jacky","Française","","OUI"
